post_id,title,created,score,num_crossposts,url,author_name
jxtbqk,"I'm Josh Killacky, a pop artist and professional dancer from Chicago. Ask Me Anything!",1605922001,19,0,/r/Music/comments/jxtbqk/im_josh_killacky_a_pop_artist_and_professional/,t2_13nh8oeo
jz5876,Lorde Reveals Why She Decided to 'Peace Out' From Social Media: 'I Was Losing My Free Will',1606183298,22987,1,/r/Music/comments/jz5876/lorde_reveals_why_she_decided_to_peace_out_from/,t2_172v7k
jzhmg5,John Frusciante - Before The Beginning [instrumental/rock],1606184220,110,0,/r/Music/comments/jzhmg5/john_frusciante_before_the_beginning/,t2_2vl1o5e3
jziz16,Gin Blossoms - Found Out About You [alternative rock],1606171942,108,0,/r/Music/comments/jzlil2/bob_dylan_accidentally_pronounced_dead_by_msnbc/,t2_5qfr7goz
jzjb67,Edie Brickell &amp; New Bohemians - What I Am [Rock] 80's song sounding like the 90's,1606173023,282,0,/r/Music/comments/jzjb67/edie_brickell_new_bohemians_what_i_am_rock_80s/,t2_7revu0qe
jzjmz7,Kacey Musgraves - Burn One With John Prine (Live with John Prine) [Country],1606174057,111,0,/r/Music/comments/jzmavg/debussy_clair_de_lune_classical/,t2_8dbjvu3e
jzlil2,Bob Dylan accidentally pronounced dead by MSNBC,1606179733,66,0,/r/Music/comments/jzhmg5/john_frusciante_before_the_beginning/,t2_8lg0gwzm
jzllnt,"Steely Dan's Cynical, Moody Masterpiece \Gaucho\"" Hits Harder 40 Years Later""",1606179973,94,0,/r/Music/comments/jzllnt/steely_dans_cynical_moody_masterpiece_gaucho_hits/,t2_8rp2agqf
jzmavg,Debussy - Clair de Lune [Classical],1606181988,70,0,/r/Music/comments/jziz16/gin_blossoms_found_out_about_you_alternative_rock/,t2_moerr
jzmr0p,"Hey, I'm singer-songwriter and actor Chord Overstreet. You might remember me from Glee and I also wrote a song called \Hold On\"" you might know. AMA!""",1606154498,112,1,/r/Music/comments/jz5876/lorde_reveals_why_she_decided_to_peace_out_from/,t2_wb0an
,,,,,,
,,,,,,
author_fullname,author,,,,,
t2_13nh8oeo,duelapex,,,,,
t2_172v7k,zingyPOP,,,,,
t2_2vl1o5e3,CapitalCourse,,,,,
t2_5qfr7goz,tylertexan,,,,,
t2_7revu0qe,ClassicTunes,,,,,
t2_8dbjvu3e,chordoverstreet,,,,,
t2_8lg0gwzm,Airline_Suspicious,,,,,
t2_8rp2agqf,joshkillacky,,,,,
t2_moerr,coolhandc77,,,,,
t2_wb0an,dirtypj,,,,,
,,,,,,
,,,,,,
num_comments,url,post_id,,,,